lower_mfc_v,upper_mfc_v,deflection_mm,is_synthetic
-500.0,50.0,-1.5639,False
-500.0,100.0,-1.7953,False
-500.0,150.0,-2.0287,False
-500.0,200.0,-2.2639,False
-500.0,250.0,-2.5011,False
-500.0,300.0,-2.7383,False
-500.0,350.0,-2.9756,False
-500.0,400.0,-3.2136,False
-500.0,450.0,-3.4517,False
-500.0,500.0,-3.6905,False
-500.0,550.0,-3.9294,False
-500.0,600.0,-4.1685,False
-500.0,650.0,-4.4076,False
-500.0,700.0,-4.6467,False
-500.0,750.0,-4.8858,False
-500.0,800.0,-5.1248,False
-500.0,850.0,-5.364,False
-500.0,900.0,-5.603,False
-500.0,950.0,-5.8421,False
-500.0,1000.0,-6.0812,False
-500.0,1050.0,-6.3204,False
-500.0,1100.0,-6.5594,False
-500.0,1150.0,-6.7985,False
-500.0,1200.0,-7.0376,False
-500.0,1250.0,-7.2769,False
-500.0,1300.0,-7.5158,False
-500.0,1350.0,-7.7546,False
-500.0,1400.0,-7.9941,False
-500.0,1450.0,-8.233,False
-500.0,1500.0,-8.4722,False
-450.0,50.0,-1.4304,False
-450.0,100.0,-1.6621,False
-450.0,150.0,-1.896,False
-450.0,200.0,-2.1324,False
-450.0,250.0,-2.3696,False
-450.0,300.0,-2.6068,False
-450.0,350.0,-2.8447,False
-450.0,400.0,-3.0827,False
-450.0,450.0,-3.3214,False
-450.0,500.0,-3.5603,False
-450.0,550.0,-3.7994,False
-450.0,600.0,-4.0385,False
-450.0,650.0,-4.2777,False
-450.0,700.0,-4.5167,False
-450.0,750.0,-4.7558,False
-450.0,800.0,-4.9949,False
-450.0,850.0,-5.234,False
-450.0,900.0,-5.4731,False
-450.0,950.0,-5.7122,False
-450.0,1000.0,-5.9513,False
-450.0,1050.0,-6.1904,False
-450.0,1100.0,-6.4295,False
-450.0,1150.0,-6.6686,False
-450.0,1200.0,-6.9077,False
-450.0,1250.0,-7.1469,False
-450.0,1300.0,-7.3859,False
-450.0,1350.0,-7.6247,False
-450.0,1400.0,-7.8642,False
-450.0,1450.0,-8.1031,False
-450.0,1500.0,-8.3423,False
-400.0,50.0,-1.2972,False
-400.0,100.0,-1.5294,False
-400.0,150.0,-1.7637,False
-400.0,200.0,-2.0009,False
-400.0,250.0,-2.2381,False
-400.0,300.0,-2.4757,False
-400.0,350.0,-2.7137,False
-400.0,400.0,-2.9524,False
-400.0,450.0,-3.1913,False
-400.0,500.0,-3.4304,False
-400.0,550.0,-3.6695,False
-400.0,600.0,-3.9086,False
-400.0,650.0,-4.1477,False
-400.0,700.0,-4.3868,False
-400.0,750.0,-4.6259,False
-400.0,800.0,-4.865,False
-400.0,850.0,-5.1041,False
-400.0,900.0,-5.3432,False
-400.0,950.0,-5.5823,False
-400.0,1000.0,-5.8214,False
-400.0,1050.0,-6.0605,False
-400.0,1100.0,-6.2996,False
-400.0,1150.0,-6.5387,False
-400.0,1200.0,-6.7778,False
-400.0,1250.0,-7.017,False
-400.0,1300.0,-7.256,False
-400.0,1350.0,-7.4948,False
-400.0,1400.0,-7.7343,False
-400.0,1450.0,-7.9732,False
-400.0,1500.0,-8.2124,False
-350.0,50.0,-1.164,False
-350.0,100.0,-1.3967,False
-350.0,150.0,-1.6322,False
-350.0,200.0,-1.8694,False
-350.0,250.0,-2.1067,False
-350.0,300.0,-2.3448,False
-350.0,350.0,-2.5833,False
-350.0,400.0,-2.8223,False
-350.0,450.0,-3.0614,False
-350.0,500.0,-3.3005,False
-350.0,550.0,-3.5396,False
-350.0,600.0,-3.7787,False
-350.0,650.0,-4.0178,False
-350.0,700.0,-4.2569,False
-350.0,750.0,-4.496,False
-350.0,800.0,-4.7351,False
-350.0,850.0,-4.9742,False
-350.0,900.0,-5.2133,False
-350.0,950.0,-5.4524,False
-350.0,1000.0,-5.6915,False
-350.0,1050.0,-5.9306,False
-350.0,1100.0,-6.1696,False
-350.0,1150.0,-6.4087,False
-350.0,1200.0,-6.6478,False
-350.0,1250.0,-6.88671,False
-350.0,1300.0,-7.126,False
-350.0,1350.0,-7.3649,False
-350.0,1400.0,-7.6044,False
-350.0,1450.0,-7.8432,False
-350.0,1500.0,-8.0824,False
-300.0,50.0,-1.0308,False
-300.0,100.0,-1.264,False
-300.0,150.0,-1.5007,False
-300.0,200.0,-1.7378,False
-300.0,250.0,-1.9758,False
-300.0,300.0,-2.2143,False
-300.0,350.0,-2.4533,False
-300.0,400.0,-2.6924,False
-300.0,450.0,-2.9315,False
-300.0,500.0,-3.1705,False
-300.0,550.0,-3.4096,False
-300.0,600.0,-3.6487,False
-300.0,650.0,-3.8879,False
-300.0,700.0,-4.1269,False
-300.0,750.0,-4.366,False
-300.0,800.0,-4.6051,False
-300.0,850.0,-4.8443,False
-300.0,900.0,-5.0833,False
-300.0,950.0,-5.3224,False
-300.0,1000.0,-5.5615,False
-300.0,1050.0,-5.8006,False
-300.0,1100.0,-6.0397,False
-300.0,1150.0,-6.2788,False
-300.0,1200.0,-6.5179,False
-300.0,1250.0,-6.7572,False
-300.0,1300.0,-6.9961,False
-300.0,1350.0,-7.2349,False
-300.0,1400.0,-7.4744,False
-300.0,1450.0,-7.7133,False
-300.0,1500.0,-7.9525,False
-250.0,50.0,-0.89766,False
-250.0,100.0,-1.132,False
-250.0,150.0,-1.3692,False
-250.0,200.0,-1.6068,False
-250.0,250.0,-1.8452,False
-250.0,300.0,-2.0842,False
-250.0,350.0,-2.3233,False
-250.0,400.0,-2.5624,False
-250.0,450.0,-2.8015,False
-250.0,500.0,-3.0406,False
-250.0,550.0,-3.2797,False
-250.0,600.0,-3.5188,False
-250.0,650.0,-3.7579,False
-250.0,700.0,-3.9997,False
-250.0,750.0,-4.2361,False
-250.0,800.0,-4.4752,False
-250.0,850.0,-4.7143,False
-250.0,900.0,-4.9534,False
-250.0,950.0,-5.1925,False
-250.0,1000.0,-5.4316,False
-250.0,1050.0,-5.6707,False
-250.0,1100.0,-5.9098,False
-250.0,1150.0,-6.1489,False
-250.0,1200.0,-6.388,False
-250.0,1250.0,-6.6272,False
-250.0,1300.0,-6.8662,False
-250.0,1350.0,-7.105,False
-250.0,1400.0,-7.3445,False
-250.0,1450.0,-7.5834,False
-250.0,1500.0,-7.8226,False
-200.0,50.0,-0.76468,False
-200.0,100.0,-1.0004,False
-200.0,150.0,-1.2379,False
-200.0,200.0,-1.4762,False
-200.0,250.0,-1.7152,False
-200.0,300.0,-1.9543,False
-200.0,350.0,-2.1934,False
-200.0,400.0,-2.4325,False
-200.0,450.0,-2.6716,False
-200.0,500.0,-2.9107,False
-200.0,550.0,-3.1498,False
-200.0,600.0,-3.3889,False
-200.0,650.0,-3.628,False
-200.0,700.0,-3.8671,False
-200.0,750.0,-4.1062,False
-200.0,800.0,-4.3453,False
-200.0,850.0,-4.5844,False
-200.0,900.0,-4.8235,False
-200.0,950.0,-5.0626,False
-200.0,1000.0,-5.3017,False
-200.0,1050.0,-5.5408,False
-200.0,1100.0,-5.7799,False
-200.0,1150.0,-6.0019,False
-200.0,1200.0,-6.2581,False
-200.0,1250.0,-6.4973,False
-200.0,1300.0,-6.7362,False
-200.0,1350.0,-6.9751,False
-200.0,1400.0,-7.2146,False
-200.0,1450.0,-7.4535,False
-200.0,1500.0,-7.6926,False
-150.0,50.0,-0.63198,False
-150.0,100.0,-0.86892,False
-150.0,150.0,-1.1072,False
-150.0,200.0,-1.3462,False
-150.0,250.0,-1.5853,False
-150.0,300.0,-1.8244,False
-150.0,350.0,-2.0635,False
-150.0,400.0,-2.3026,False
-150.0,450.0,-2.5417,False
-150.0,500.0,-2.7808,False
-150.0,550.0,-3.0199,False
-150.0,600.0,-3.259,False
-150.0,650.0,-3.4981,False
-150.0,700.0,-3.7372,False
-150.0,750.0,-3.9762,False
-150.0,800.0,-4.2153,False
-150.0,850.0,-4.4545,False
-150.0,900.0,-4.6935,False
-150.0,950.0,-4.9326,False
-150.0,1000.0,-5.1717,False
-150.0,1050.0,-5.4109,False
-150.0,1100.0,-5.6499,False
-150.0,1150.0,-5.889,False
-150.0,1200.0,-6.1281,False
-150.0,1250.0,-6.3674,False
-150.0,1300.0,-6.6063,False
-150.0,1350.0,-6.8451,False
-150.0,1400.0,-7.0846,False
-150.0,1450.0,-7.3235,False
-150.0,1500.0,-7.5627,False
-100.0,50.0,-0.50022,False
-100.0,100.0,-0.7381,False
-100.0,150.0,-0.97718,False
-100.0,200.0,-1.2162,False
-100.0,250.0,-1.4553,False
-100.0,300.0,-1.6944,False
-100.0,350.0,-1.9335,False
-100.0,400.0,-2.1726,False
-100.0,450.0,-2.4117,False
-100.0,500.0,-2.6508,False
-100.0,550.0,-2.8899,False
-100.0,600.0,-3.129,False
-100.0,650.0,-3.3682,False
-100.0,700.0,-3.6072,False
-100.0,750.0,-3.8463,False
-100.0,800.0,-4.0854,False
-100.0,850.0,-4.3245,False
-100.0,900.0,-4.5636,False
-100.0,950.0,-4.8027,False
-100.0,1000.0,-5.0418,False
-100.0,1050.0,-5.2809,False
-100.0,1100.0,-5.52,False
-100.0,1150.0,-5.7591,False
-100.0,1200.0,-5.9982,False
-100.0,1250.0,-6.2374,False
-100.0,1300.0,-6.4764,False
-100.0,1350.0,-6.7152,False
-100.0,1400.0,-6.9547,False
-100.0,1450.0,-7.1936,False
-100.0,1500.0,-7.4328,False
-50.0,50.0,-0.36905,False
-50.0,100.0,-0.60812,False
-50.0,150.0,-0.84725,False
-50.0,200.0,-1.0863,False
-50.0,250.0,-1.3254,False
-50.0,300.0,-1.5645,False
-50.0,350.0,-1.8036,False
-50.0,400.0,-2.0427,False
-50.0,450.0,-2.2818,False
-50.0,500.0,-2.5209,False
-50.0,550.0,-2.76,False
-50.0,600.0,-2.9991,False
-50.0,650.0,-3.2382,False
-50.0,700.0,-3.4773,False
-50.0,750.0,-3.7164,False
-50.0,800.0,-3.9555,False
-50.0,850.0,-4.1946,False
-50.0,900.0,-4.4337,False
-50.0,950.0,-4.6728,False
-50.0,1000.0,-4.9119,False
-50.0,1050.0,-5.151,False
-50.0,1100.0,-5.3901,False
-50.0,1150.0,-5.6292,False
-50.0,1200.0,-5.8683,False
-50.0,1250.0,-6.1075,False
-50.0,1300.0,-6.3465,False
-50.0,1350.0,-6.5853,False
-50.0,1400.0,-6.8248,False
-50.0,1450.0,-7.0637,False
-50.0,1500.0,-7.3029,False
-500.0,75.0,-1.6796,True
-500.0,125.0,-1.912,True
-500.0,175.0,-2.1463,True
-500.0,225.0,-2.3825000000000003,True
-500.0,275.0,-2.6197,True
-500.0,325.0,-2.8569500000000003,True
-500.0,375.0,-3.0946,True
-500.0,425.0,-3.33265,True
-500.0,475.0,-3.5711000000000004,True
-500.0,525.0,-3.8099499999999997,True
-500.0,575.0,-4.04895,True
-500.0,625.0,-4.28805,True
-500.0,675.0,-4.527150000000001,True
-500.0,725.0,-4.766249999999999,True
-500.0,775.0,-5.0053,True
-500.0,825.0,-5.2444,True
-500.0,875.0,-5.483499999999999,True
-500.0,925.0,-5.72255,True
-500.0,975.0,-5.961650000000001,True
-500.0,1025.0,-6.2008,True
-500.0,1075.0,-6.4399,True
-500.0,1125.0,-6.67895,True
-500.0,1175.0,-6.91805,True
-500.0,1225.0,-7.15725,True
-500.0,1275.0,-7.39635,True
-500.0,1325.0,-7.635199999999999,True
-500.0,1375.0,-7.87435,True
-500.0,1425.0,-8.11355,True
-500.0,1475.0,-8.3526,True
-475.0,50.0,-1.49715,True
-475.0,75.0,-1.612925,True
-475.0,100.0,-1.7287,True
-475.0,125.0,-1.8455249999999999,True
-475.0,150.0,-1.96235,True
-475.0,175.0,-2.08025,True
-475.0,200.0,-2.19815,True
-475.0,225.0,-2.3167500000000003,True
-475.0,250.0,-2.43535,True
-475.0,275.0,-2.55395,True
-475.0,300.0,-2.67255,True
-475.0,325.0,-2.79135,True
-475.0,350.0,-2.91015,True
-475.0,375.0,-3.0291499999999996,True
-475.0,400.0,-3.1481500000000002,True
-475.0,425.0,-3.2673500000000004,True
-475.0,450.0,-3.38655,True
-475.0,475.0,-3.5059750000000003,True
-475.0,500.0,-3.6254,True
-475.0,525.0,-3.7449,True
-475.0,550.0,-3.8644,True
-475.0,575.0,-3.98395,True
-475.0,600.0,-4.1035,True
-475.0,625.0,-4.223075,True
-475.0,650.0,-4.342650000000001,True
-475.0,675.0,-4.462175,True
-475.0,700.0,-4.5817,True
-475.0,725.0,-4.70125,True
-475.0,750.0,-4.8208,True
-475.0,775.0,-4.9403250000000005,True
-475.0,800.0,-5.05985,True
-475.0,825.0,-5.179425,True
-475.0,850.0,-5.2989999999999995,True
-475.0,875.0,-5.418525,True
-475.0,900.0,-5.53805,True
-475.0,925.0,-5.6575999999999995,True
-475.0,950.0,-5.777150000000001,True
-475.0,975.0,-5.8967,True
-475.0,1000.0,-6.016249999999999,True
-475.0,1025.0,-6.135825,True
-475.0,1050.0,-6.2554,True
-475.0,1075.0,-6.374925,True
-475.0,1100.0,-6.4944500000000005,True
-475.0,1125.0,-6.614000000000001,True
-475.0,1150.0,-6.733549999999999,True
-475.0,1175.0,-6.8530999999999995,True
-475.0,1200.0,-6.97265,True
-475.0,1225.0,-7.092275,True
-475.0,1250.0,-7.2119,True
-475.0,1275.0,-7.3313749999999995,True
-475.0,1300.0,-7.45085,True
-475.0,1325.0,-7.57025,True
-475.0,1350.0,-7.68965,True
-475.0,1375.0,-7.8094,True
-475.0,1400.0,-7.92915,True
-475.0,1425.0,-8.0486,True
-475.0,1450.0,-8.168050000000001,True
-475.0,1475.0,-8.287650000000001,True
-475.0,1500.0,-8.407250000000001,True
-450.0,75.0,-1.54625,True
-450.0,125.0,-1.7790499999999998,True
-450.0,175.0,-2.0141999999999998,True
-450.0,225.0,-2.2510000000000003,True
-450.0,275.0,-2.4882,True
-450.0,325.0,-2.7257499999999997,True
-450.0,375.0,-2.9637000000000002,True
-450.0,425.0,-3.20205,True
-450.0,475.0,-3.44085,True
-450.0,525.0,-3.67985,True
-450.0,575.0,-3.9189499999999997,True
-450.0,625.0,-4.1581,True
-450.0,675.0,-4.3972,True
-450.0,725.0,-4.63625,True
-450.0,775.0,-4.87535,True
-450.0,825.0,-5.11445,True
-450.0,875.0,-5.35355,True
-450.0,925.0,-5.59265,True
-450.0,975.0,-5.8317499999999995,True
-450.0,1025.0,-6.07085,True
-450.0,1075.0,-6.309950000000001,True
-450.0,1125.0,-6.549049999999999,True
-450.0,1175.0,-6.78815,True
-450.0,1225.0,-7.0273,True
-450.0,1275.0,-7.2664,True
-450.0,1325.0,-7.5053,True
-450.0,1375.0,-7.7444500000000005,True
-450.0,1425.0,-7.98365,True
-450.0,1475.0,-8.2227,True
-425.0,50.0,-1.3638,True
-425.0,75.0,-1.4797749999999998,True
-425.0,100.0,-1.59575,True
-425.0,125.0,-1.7127999999999999,True
-425.0,150.0,-1.82985,True
-425.0,175.0,-1.9482499999999998,True
-425.0,200.0,-2.06665,True
-425.0,225.0,-2.18525,True
-425.0,250.0,-2.30385,True
-425.0,275.0,-2.42255,True
-425.0,300.0,-2.54125,True
-425.0,325.0,-2.6602249999999996,True
-425.0,350.0,-2.7792,True
-425.0,375.0,-2.8983749999999997,True
-425.0,400.0,-3.01755,True
-425.0,425.0,-3.13695,True
-425.0,450.0,-3.2563500000000003,True
-425.0,475.0,-3.3758500000000002,True
-425.0,500.0,-3.49535,True
-425.0,525.0,-3.6149000000000004,True
-425.0,550.0,-3.73445,True
-425.0,575.0,-3.854,True
-425.0,600.0,-3.97355,True
-425.0,625.0,-4.093125000000001,True
-425.0,650.0,-4.2127,True
-425.0,675.0,-4.332225,True
-425.0,700.0,-4.4517500000000005,True
-425.0,725.0,-4.571300000000001,True
-425.0,750.0,-4.690849999999999,True
-425.0,775.0,-4.8104,True
-425.0,800.0,-4.92995,True
-425.0,825.0,-5.0495,True
-425.0,850.0,-5.16905,True
-425.0,875.0,-5.2886,True
-425.0,900.0,-5.40815,True
-425.0,925.0,-5.5277,True
-425.0,950.0,-5.64725,True
-425.0,975.0,-5.7668,True
-425.0,1000.0,-5.88635,True
-425.0,1025.0,-6.0059000000000005,True
-425.0,1050.0,-6.125450000000001,True
-425.0,1075.0,-6.245000000000001,True
-425.0,1100.0,-6.3645499999999995,True
-425.0,1125.0,-6.4841,True
-425.0,1150.0,-6.60365,True
-425.0,1175.0,-6.7232,True
-425.0,1200.0,-6.8427500000000006,True
-425.0,1225.0,-6.96235,True
-425.0,1250.0,-7.08195,True
-425.0,1275.0,-7.20145,True
-425.0,1300.0,-7.32095,True
-425.0,1325.0,-7.4403500000000005,True
-425.0,1350.0,-7.559749999999999,True
-425.0,1375.0,-7.6795,True
-425.0,1400.0,-7.799250000000001,True
-425.0,1425.0,-7.918699999999999,True
-425.0,1450.0,-8.03815,True
-425.0,1475.0,-8.15775,True
-425.0,1500.0,-8.27735,True
-400.0,75.0,-1.4133,True
-400.0,125.0,-1.64655,True
-400.0,175.0,-1.8823,True
-400.0,225.0,-2.1195000000000004,True
-400.0,275.0,-2.3569,True
-400.0,325.0,-2.5946999999999996,True
-400.0,375.0,-2.83305,True
-400.0,425.0,-3.07185,True
-400.0,475.0,-3.3108500000000003,True
-400.0,525.0,-3.54995,True
-400.0,575.0,-3.78905,True
-400.0,625.0,-4.02815,True
-400.0,675.0,-4.267250000000001,True
-400.0,725.0,-4.506349999999999,True
-400.0,775.0,-4.74545,True
-400.0,825.0,-4.9845500000000005,True
-400.0,875.0,-5.22365,True
-400.0,925.0,-5.46275,True
-400.0,975.0,-5.70185,True
-400.0,1025.0,-5.94095,True
-400.0,1075.0,-6.18005,True
-400.0,1125.0,-6.41915,True
-400.0,1175.0,-6.658250000000001,True
-400.0,1225.0,-6.8974,True
-400.0,1275.0,-7.1365,True
-400.0,1325.0,-7.3754,True
-400.0,1375.0,-7.6145499999999995,True
-400.0,1425.0,-7.85375,True
-400.0,1475.0,-8.0928,True
-375.0,50.0,-1.2306,True
-375.0,75.0,-1.346825,True
-375.0,100.0,-1.46305,True
-375.0,125.0,-1.5805,True
-375.0,150.0,-1.69795,True
-375.0,175.0,-1.81655,True
-375.0,200.0,-1.9351500000000001,True
-375.0,225.0,-2.053775,True
-375.0,250.0,-2.1724,True
-375.0,275.0,-2.291325,True
-375.0,300.0,-2.41025,True
-375.0,325.0,-2.529375,True
-375.0,350.0,-2.6485,True
-375.0,375.0,-2.767925,True
-375.0,400.0,-2.8873499999999996,True
-375.0,425.0,-3.00685,True
-375.0,450.0,-3.12635,True
-375.0,475.0,-3.2459,True
-375.0,500.0,-3.36545,True
-375.0,525.0,-3.485,True
-375.0,550.0,-3.60455,True
-375.0,575.0,-3.7241,True
-375.0,600.0,-3.8436500000000002,True
-375.0,625.0,-3.9632000000000005,True
-375.0,650.0,-4.082750000000001,True
-375.0,675.0,-4.202300000000001,True
-375.0,700.0,-4.3218499999999995,True
-375.0,725.0,-4.4414,True
-375.0,750.0,-4.56095,True
-375.0,775.0,-4.6805,True
-375.0,800.0,-4.800050000000001,True
-375.0,825.0,-4.9196,True
-375.0,850.0,-5.039149999999999,True
-375.0,875.0,-5.1587,True
-375.0,900.0,-5.27825,True
-375.0,925.0,-5.3978,True
-375.0,950.0,-5.51735,True
-375.0,975.0,-5.636900000000001,True
-375.0,1000.0,-5.756449999999999,True
-375.0,1025.0,-5.8759999999999994,True
-375.0,1050.0,-5.99555,True
-375.0,1075.0,-6.115075,True
-375.0,1100.0,-6.2346,True
-375.0,1125.0,-6.35415,True
-375.0,1150.0,-6.4737,True
-375.0,1175.0,-6.59325,True
-375.0,1200.0,-6.7128,True
-375.0,1225.0,-6.8323275,True
-375.0,1250.0,-6.951855,True
-375.0,1275.0,-7.0714275,True
-375.0,1300.0,-7.191000000000001,True
-375.0,1325.0,-7.3104249999999995,True
-375.0,1350.0,-7.42985,True
-375.0,1375.0,-7.5496,True
-375.0,1400.0,-7.66935,True
-375.0,1425.0,-7.788775,True
-375.0,1450.0,-7.908200000000001,True
-375.0,1475.0,-8.0278,True
-375.0,1500.0,-8.147400000000001,True
-350.0,75.0,-1.2803499999999999,True
-350.0,125.0,-1.51445,True
-350.0,175.0,-1.7508,True
-350.0,225.0,-1.9880499999999999,True
-350.0,275.0,-2.22575,True
-350.0,325.0,-2.4640500000000003,True
-350.0,375.0,-2.7028,True
-350.0,425.0,-2.9418499999999996,True
-350.0,475.0,-3.18095,True
-350.0,525.0,-3.42005,True
-350.0,575.0,-3.6591500000000003,True
-350.0,625.0,-3.89825,True
-350.0,675.0,-4.13735,True
-350.0,725.0,-4.37645,True
-350.0,775.0,-4.615550000000001,True
-350.0,825.0,-4.8546499999999995,True
-350.0,875.0,-5.09375,True
-350.0,925.0,-5.3328500000000005,True
-350.0,975.0,-5.571949999999999,True
-350.0,1025.0,-5.81105,True
-350.0,1075.0,-6.0501000000000005,True
-350.0,1125.0,-6.289149999999999,True
-350.0,1175.0,-6.52825,True
-350.0,1225.0,-6.7672550000000005,True
-350.0,1275.0,-7.006355,True
-350.0,1325.0,-7.24545,True
-350.0,1375.0,-7.48465,True
-350.0,1425.0,-7.723800000000001,True
-350.0,1475.0,-7.9628,True
-325.0,50.0,-1.0974,True
-325.0,75.0,-1.213875,True
-325.0,100.0,-1.3303500000000001,True
-325.0,125.0,-1.4484000000000001,True
-325.0,150.0,-1.5664500000000001,True
-325.0,175.0,-1.685025,True
-325.0,200.0,-1.8035999999999999,True
-325.0,225.0,-1.922425,True
-325.0,250.0,-2.04125,True
-325.0,275.0,-2.1604,True
-325.0,300.0,-2.2795500000000004,True
-325.0,325.0,-2.398925,True
-325.0,350.0,-2.5183,True
-325.0,375.0,-2.6378250000000003,True
-325.0,400.0,-2.7573499999999997,True
-325.0,425.0,-2.8769,True
-325.0,450.0,-2.9964500000000003,True
-325.0,475.0,-3.115975,True
-325.0,500.0,-3.2355,True
-325.0,525.0,-3.3550500000000003,True
-325.0,550.0,-3.4746,True
-325.0,575.0,-3.5941500000000004,True
-325.0,600.0,-3.7137000000000002,True
-325.0,625.0,-3.833275,True
-325.0,650.0,-3.95285,True
-325.0,675.0,-4.072375,True
-325.0,700.0,-4.1919,True
-325.0,725.0,-4.31145,True
-325.0,750.0,-4.431,True
-325.0,775.0,-4.55055,True
-325.0,800.0,-4.6701,True
-325.0,825.0,-4.789675,True
-325.0,850.0,-4.90925,True
-325.0,875.0,-5.028775,True
-325.0,900.0,-5.148300000000001,True
-325.0,925.0,-5.267850000000001,True
-325.0,950.0,-5.3873999999999995,True
-325.0,975.0,-5.506949999999999,True
-325.0,1000.0,-5.6265,True
-325.0,1025.0,-5.746049999999999,True
-325.0,1050.0,-5.865600000000001,True
-325.0,1075.0,-5.985125,True
-325.0,1100.0,-6.1046499999999995,True
-325.0,1125.0,-6.2242,True
-325.0,1150.0,-6.34375,True
-325.0,1175.0,-6.4633,True
-325.0,1200.0,-6.5828500000000005,True
-325.0,1225.0,-6.702402500000001,True
-325.0,1250.0,-6.821955,True
-325.0,1275.0,-6.9415025,True
-325.0,1300.0,-7.06105,True
-325.0,1325.0,-7.180475,True
-325.0,1350.0,-7.299899999999999,True
-325.0,1375.0,-7.41965,True
-325.0,1400.0,-7.5394000000000005,True
-325.0,1425.0,-7.658825,True
-325.0,1450.0,-7.77825,True
-325.0,1475.0,-7.89785,True
-325.0,1500.0,-8.01745,True
-300.0,75.0,-1.1474,True
-300.0,125.0,-1.38235,True
-300.0,175.0,-1.61925,True
-300.0,225.0,-1.8568,True
-300.0,275.0,-2.09505,True
-300.0,325.0,-2.3338,True
-300.0,375.0,-2.57285,True
-300.0,425.0,-2.8119500000000004,True
-300.0,475.0,-3.051,True
-300.0,525.0,-3.29005,True
-300.0,575.0,-3.52915,True
-300.0,625.0,-3.7683,True
-300.0,675.0,-4.0074000000000005,True
-300.0,725.0,-4.246449999999999,True
-300.0,775.0,-4.48555,True
-300.0,825.0,-4.7247,True
-300.0,875.0,-4.9638,True
-300.0,925.0,-5.20285,True
-300.0,975.0,-5.44195,True
-300.0,1025.0,-5.68105,True
-300.0,1075.0,-5.92015,True
-300.0,1125.0,-6.15925,True
-300.0,1175.0,-6.398350000000001,True
-300.0,1225.0,-6.63755,True
-300.0,1275.0,-6.87665,True
-300.0,1325.0,-7.1155,True
-300.0,1375.0,-7.3546499999999995,True
-300.0,1425.0,-7.59385,True
-300.0,1475.0,-7.8329,True
-275.0,50.0,-0.9642299999999999,True
-275.0,75.0,-1.081115,True
-275.0,100.0,-1.198,True
-275.0,125.0,-1.316475,True
-275.0,150.0,-1.43495,True
-275.0,175.0,-1.553625,True
-275.0,200.0,-1.6723,True
-275.0,225.0,-1.7914,True
-275.0,250.0,-1.9104999999999999,True
-275.0,275.0,-2.029875,True
-275.0,300.0,-2.1492500000000003,True
-275.0,325.0,-2.268775,True
-275.0,350.0,-2.3883,True
-275.0,375.0,-2.50785,True
-275.0,400.0,-2.6273999999999997,True
-275.0,425.0,-2.74695,True
-275.0,450.0,-2.8665000000000003,True
-275.0,475.0,-2.986025,True
-275.0,500.0,-3.10555,True
-275.0,525.0,-3.2251,True
-275.0,550.0,-3.34465,True
-275.0,575.0,-3.4642000000000004,True
-275.0,600.0,-3.58375,True
-275.0,625.0,-3.703325,True
-275.0,650.0,-3.8228999999999997,True
-275.0,675.0,-3.9431000000000003,True
-275.0,700.0,-4.0633,True
-275.0,725.0,-4.182175,True
-275.0,750.0,-4.30105,True
-275.0,775.0,-4.4206,True
-275.0,800.0,-4.540150000000001,True
-275.0,825.0,-4.659725,True
-275.0,850.0,-4.779299999999999,True
-275.0,875.0,-4.898825,True
-275.0,900.0,-5.01835,True
-275.0,925.0,-5.1379,True
-275.0,950.0,-5.25745,True
-275.0,975.0,-5.377,True
-275.0,1000.0,-5.49655,True
-275.0,1025.0,-5.6161,True
-275.0,1050.0,-5.73565,True
-275.0,1075.0,-5.8552,True
-275.0,1100.0,-5.97475,True
-275.0,1125.0,-6.0943000000000005,True
-275.0,1150.0,-6.213850000000001,True
-275.0,1175.0,-6.333400000000001,True
-275.0,1200.0,-6.4529499999999995,True
-275.0,1225.0,-6.5725750000000005,True
-275.0,1250.0,-6.6922,True
-275.0,1275.0,-6.811674999999999,True
-275.0,1300.0,-6.931150000000001,True
-275.0,1325.0,-7.05055,True
-275.0,1350.0,-7.16995,True
-275.0,1375.0,-7.2897,True
-275.0,1400.0,-7.40945,True
-275.0,1425.0,-7.5289,True
-275.0,1450.0,-7.648350000000001,True
-275.0,1475.0,-7.767950000000001,True
-275.0,1500.0,-7.88755,True
-250.0,75.0,-1.01483,True
-250.0,125.0,-1.2506,True
-250.0,175.0,-1.488,True
-250.0,225.0,-1.726,True
-250.0,275.0,-1.9647000000000001,True
-250.0,325.0,-2.2037500000000003,True
-250.0,375.0,-2.44285,True
-250.0,425.0,-2.6819499999999996,True
-250.0,475.0,-2.92105,True
-250.0,525.0,-3.16015,True
-250.0,575.0,-3.3992500000000003,True
-250.0,625.0,-3.63835,True
-250.0,675.0,-3.8788,True
-250.0,725.0,-4.117900000000001,True
-250.0,775.0,-4.355650000000001,True
-250.0,825.0,-4.5947499999999994,True
-250.0,875.0,-4.83385,True
-250.0,925.0,-5.0729500000000005,True
-250.0,975.0,-5.31205,True
-250.0,1025.0,-5.55115,True
-250.0,1075.0,-5.79025,True
-250.0,1125.0,-6.02935,True
-250.0,1175.0,-6.26845,True
-250.0,1225.0,-6.5076,True
-250.0,1275.0,-6.746700000000001,True
-250.0,1325.0,-6.9856,True
-250.0,1375.0,-7.22475,True
-250.0,1425.0,-7.4639500000000005,True
-250.0,1475.0,-7.703,True
-225.0,50.0,-0.83117,True
-225.0,75.0,-0.948685,True
-225.0,100.0,-1.0661999999999998,True
-225.0,125.0,-1.184875,True
-225.0,150.0,-1.30355,True
-225.0,175.0,-1.4225249999999998,True
-225.0,200.0,-1.5415,True
-225.0,225.0,-1.6608500000000002,True
-225.0,250.0,-1.7802,True
-225.0,275.0,-1.899725,True
-225.0,300.0,-2.01925,True
-225.0,325.0,-2.1388000000000003,True
-225.0,350.0,-2.25835,True
-225.0,375.0,-2.3779000000000003,True
-225.0,400.0,-2.4974499999999997,True
-225.0,425.0,-2.617,True
-225.0,450.0,-2.7365500000000003,True
-225.0,475.0,-2.8561,True
-225.0,500.0,-2.97565,True
-225.0,525.0,-3.0952,True
-225.0,550.0,-3.21475,True
-225.0,575.0,-3.3343,True
-225.0,600.0,-3.45385,True
-225.0,625.0,-3.5734,True
-225.0,650.0,-3.6929499999999997,True
-225.0,675.0,-3.813175,True
-225.0,700.0,-3.9334,True
-225.0,725.0,-4.052275000000001,True
-225.0,750.0,-4.171150000000001,True
-225.0,775.0,-4.290700000000001,True
-225.0,800.0,-4.41025,True
-225.0,825.0,-4.5298,True
-225.0,850.0,-4.64935,True
-225.0,875.0,-4.7688999999999995,True
-225.0,900.0,-4.888450000000001,True
-225.0,925.0,-5.008,True
-225.0,950.0,-5.127549999999999,True
-225.0,975.0,-5.2471,True
-225.0,1000.0,-5.36665,True
-225.0,1025.0,-5.4862,True
-225.0,1050.0,-5.6057500000000005,True
-225.0,1075.0,-5.725300000000001,True
-225.0,1100.0,-5.844849999999999,True
-225.0,1125.0,-5.960125,True
-225.0,1150.0,-6.0754,True
-225.0,1175.0,-6.199224999999999,True
-225.0,1200.0,-6.32305,True
-225.0,1225.0,-6.4426499999999995,True
-225.0,1250.0,-6.562250000000001,True
-225.0,1275.0,-6.681725,True
-225.0,1300.0,-6.8012,True
-225.0,1325.0,-6.920625,True
-225.0,1350.0,-7.040050000000001,True
-225.0,1375.0,-7.159800000000001,True
-225.0,1400.0,-7.27955,True
-225.0,1425.0,-7.399000000000001,True
-225.0,1450.0,-7.51845,True
-225.0,1475.0,-7.638025,True
-225.0,1500.0,-7.7576,True
-200.0,75.0,-0.88254,True
-200.0,125.0,-1.1191499999999999,True
-200.0,175.0,-1.35705,True
-200.0,225.0,-1.5957,True
-200.0,275.0,-1.83475,True
-200.0,325.0,-2.07385,True
-200.0,375.0,-2.31295,True
-200.0,425.0,-2.5520500000000004,True
-200.0,475.0,-2.79115,True
-200.0,525.0,-3.0302499999999997,True
-200.0,575.0,-3.26935,True
-200.0,625.0,-3.50845,True
-200.0,675.0,-3.7475500000000004,True
-200.0,725.0,-3.98665,True
-200.0,775.0,-4.22575,True
-200.0,825.0,-4.46485,True
-200.0,875.0,-4.70395,True
-200.0,925.0,-4.9430499999999995,True
-200.0,975.0,-5.18215,True
-200.0,1025.0,-5.421250000000001,True
-200.0,1075.0,-5.660349999999999,True
-200.0,1125.0,-5.8909,True
-200.0,1175.0,-6.13,True
-200.0,1225.0,-6.3777,True
-200.0,1275.0,-6.61675,True
-200.0,1325.0,-6.855650000000001,True
-200.0,1375.0,-7.09485,True
-200.0,1425.0,-7.3340499999999995,True
-200.0,1475.0,-7.57305,True
-175.0,50.0,-0.69833,True
-175.0,75.0,-0.816495,True
-175.0,100.0,-0.93466,True
-175.0,125.0,-1.053605,True
-175.0,150.0,-1.17255,True
-175.0,175.0,-1.291875,True
-175.0,200.0,-1.4112,True
-175.0,225.0,-1.530725,True
-175.0,250.0,-1.65025,True
-175.0,275.0,-1.7698,True
-175.0,300.0,-1.8893499999999999,True
-175.0,325.0,-2.0089,True
-175.0,350.0,-2.12845,True
-175.0,375.0,-2.2479999999999998,True
-175.0,400.0,-2.36755,True
-175.0,425.0,-2.4871000000000003,True
-175.0,450.0,-2.60665,True
-175.0,475.0,-2.7262000000000004,True
-175.0,500.0,-2.84575,True
-175.0,525.0,-2.9653,True
-175.0,550.0,-3.08485,True
-175.0,575.0,-3.2044,True
-175.0,600.0,-3.32395,True
-175.0,625.0,-3.4435000000000002,True
-175.0,650.0,-3.56305,True
-175.0,675.0,-3.6826000000000003,True
-175.0,700.0,-3.80215,True
-175.0,725.0,-3.921675,True
-175.0,750.0,-4.0412,True
-175.0,775.0,-4.16075,True
-175.0,800.0,-4.2803,True
-175.0,825.0,-4.399875,True
-175.0,850.0,-4.51945,True
-175.0,875.0,-4.638975,True
-175.0,900.0,-4.7585,True
-175.0,925.0,-4.87805,True
-175.0,950.0,-4.9976,True
-175.0,975.0,-5.1171500000000005,True
-175.0,1000.0,-5.236700000000001,True
-175.0,1025.0,-5.356275,True
-175.0,1050.0,-5.475849999999999,True
-175.0,1075.0,-5.595375,True
-175.0,1100.0,-5.7149,True
-175.0,1125.0,-5.830175,True
-175.0,1150.0,-5.94545,True
-175.0,1175.0,-6.069275,True
-175.0,1200.0,-6.193099999999999,True
-175.0,1225.0,-6.3127249999999995,True
-175.0,1250.0,-6.43235,True
-175.0,1275.0,-6.5518,True
-175.0,1300.0,-6.671250000000001,True
-175.0,1325.0,-6.790675,True
-175.0,1350.0,-6.9101,True
-175.0,1375.0,-7.02985,True
-175.0,1400.0,-7.1495999999999995,True
-175.0,1425.0,-7.269049999999999,True
-175.0,1450.0,-7.3885000000000005,True
-175.0,1475.0,-7.508075,True
-175.0,1500.0,-7.62765,True
-150.0,75.0,-0.7504500000000001,True
-150.0,125.0,-0.9880599999999999,True
-150.0,175.0,-1.2267000000000001,True
-150.0,225.0,-1.4657499999999999,True
-150.0,275.0,-1.70485,True
-150.0,325.0,-1.94395,True
-150.0,375.0,-2.1830499999999997,True
-150.0,425.0,-2.4221500000000002,True
-150.0,475.0,-2.66125,True
-150.0,525.0,-2.90035,True
-150.0,575.0,-3.13945,True
-150.0,625.0,-3.3785499999999997,True
-150.0,675.0,-3.6176500000000003,True
-150.0,725.0,-3.8567,True
-150.0,775.0,-4.09575,True
-150.0,825.0,-4.3349,True
-150.0,875.0,-4.574,True
-150.0,925.0,-4.8130500000000005,True
-150.0,975.0,-5.05215,True
-150.0,1025.0,-5.2913,True
-150.0,1075.0,-5.5304,True
-150.0,1125.0,-5.76945,True
-150.0,1175.0,-6.00855,True
-150.0,1225.0,-6.24775,True
-150.0,1275.0,-6.4868500000000004,True
-150.0,1325.0,-6.7257,True
-150.0,1375.0,-6.96485,True
-150.0,1425.0,-7.2040500000000005,True
-150.0,1475.0,-7.4431,True
-125.0,50.0,-0.5661,True
-125.0,75.0,-0.6848050000000001,True
-125.0,100.0,-0.80351,True
-125.0,125.0,-0.9228500000000001,True
-125.0,150.0,-1.04219,True
-125.0,175.0,-1.1616950000000001,True
-125.0,200.0,-1.2812000000000001,True
-125.0,225.0,-1.40075,True
-125.0,250.0,-1.5203,True
-125.0,275.0,-1.63985,True
-125.0,300.0,-1.7593999999999999,True
-125.0,325.0,-1.8789500000000001,True
-125.0,350.0,-1.9985,True
-125.0,375.0,-2.11805,True
-125.0,400.0,-2.2376,True
-125.0,425.0,-2.3571500000000003,True
-125.0,450.0,-2.4767,True
-125.0,475.0,-2.59625,True
-125.0,500.0,-2.7157999999999998,True
-125.0,525.0,-2.83535,True
-125.0,550.0,-2.9549,True
-125.0,575.0,-3.07445,True
-125.0,600.0,-3.194,True
-125.0,625.0,-3.3135749999999997,True
-125.0,650.0,-3.43315,True
-125.0,675.0,-3.5526750000000002,True
-125.0,700.0,-3.6722,True
-125.0,725.0,-3.791725,True
-125.0,750.0,-3.91125,True
-125.0,775.0,-4.030799999999999,True
-125.0,800.0,-4.1503499999999995,True
-125.0,825.0,-4.269925,True
-125.0,850.0,-4.3895,True
-125.0,875.0,-4.509025,True
-125.0,900.0,-4.628550000000001,True
-125.0,925.0,-4.748100000000001,True
-125.0,950.0,-4.867649999999999,True
-125.0,975.0,-4.9872,True
-125.0,1000.0,-5.10675,True
-125.0,1025.0,-5.226325,True
-125.0,1050.0,-5.3459,True
-125.0,1075.0,-5.465425,True
-125.0,1100.0,-5.584949999999999,True
-125.0,1125.0,-5.7045,True
-125.0,1150.0,-5.82405,True
-125.0,1175.0,-5.9436,True
-125.0,1200.0,-6.06315,True
-125.0,1225.0,-6.182775,True
-125.0,1250.0,-6.3024000000000004,True
-125.0,1275.0,-6.421875,True
-125.0,1300.0,-6.5413499999999996,True
-125.0,1325.0,-6.660749999999999,True
-125.0,1350.0,-6.780150000000001,True
-125.0,1375.0,-6.8999,True
-125.0,1400.0,-7.01965,True
-125.0,1425.0,-7.1391,True
-125.0,1450.0,-7.25855,True
-125.0,1475.0,-7.37815,True
-125.0,1500.0,-7.49775,True
-100.0,75.0,-0.6191599999999999,True
-100.0,125.0,-0.85764,True
-100.0,175.0,-1.09669,True
-100.0,225.0,-1.33575,True
-100.0,275.0,-1.57485,True
-100.0,325.0,-1.81395,True
-100.0,375.0,-2.05305,True
-100.0,425.0,-2.2921500000000004,True
-100.0,475.0,-2.53125,True
-100.0,525.0,-2.7703499999999996,True
-100.0,575.0,-3.00945,True
-100.0,625.0,-3.2485999999999997,True
-100.0,675.0,-3.4877000000000002,True
-100.0,725.0,-3.72675,True
-100.0,775.0,-3.9658499999999997,True
-100.0,825.0,-4.20495,True
-100.0,875.0,-4.44405,True
-100.0,925.0,-4.6831499999999995,True
-100.0,975.0,-4.92225,True
-100.0,1025.0,-5.1613500000000005,True
-100.0,1075.0,-5.400449999999999,True
-100.0,1125.0,-5.63955,True
-100.0,1175.0,-5.87865,True
-100.0,1225.0,-6.1178,True
-100.0,1275.0,-6.3568999999999996,True
-100.0,1325.0,-6.5958000000000006,True
-100.0,1375.0,-6.83495,True
-100.0,1425.0,-7.0741499999999995,True
-100.0,1475.0,-7.3132,True
-75.0,50.0,-0.434635,True
-75.0,75.0,-0.5538725,True
-75.0,100.0,-0.67311,True
-75.0,125.0,-0.7926624999999999,True
-75.0,150.0,-0.912215,True
-75.0,175.0,-1.0317325,True
-75.0,200.0,-1.15125,True
-75.0,225.0,-1.2708,True
-75.0,250.0,-1.39035,True
-75.0,275.0,-1.5099,True
-75.0,300.0,-1.6294499999999998,True
-75.0,325.0,-1.749,True
-75.0,350.0,-1.86855,True
-75.0,375.0,-1.9881,True
-75.0,400.0,-2.10765,True
-75.0,425.0,-2.2272000000000003,True
-75.0,450.0,-2.34675,True
-75.0,475.0,-2.4663000000000004,True
-75.0,500.0,-2.5858499999999998,True
-75.0,525.0,-2.7053999999999996,True
-75.0,550.0,-2.82495,True
-75.0,575.0,-2.9445,True
-75.0,600.0,-3.06405,True
-75.0,625.0,-3.183625,True
-75.0,650.0,-3.3032,True
-75.0,675.0,-3.422725,True
-75.0,700.0,-3.54225,True
-75.0,725.0,-3.6618,True
-75.0,750.0,-3.7813499999999998,True
-75.0,775.0,-3.9009,True
-75.0,800.0,-4.02045,True
-75.0,825.0,-4.140000000000001,True
-75.0,850.0,-4.25955,True
-75.0,875.0,-4.379099999999999,True
-75.0,900.0,-4.49865,True
-75.0,925.0,-4.6182,True
-75.0,950.0,-4.73775,True
-75.0,975.0,-4.8572999999999995,True
-75.0,1000.0,-4.976850000000001,True
-75.0,1025.0,-5.0964,True
-75.0,1050.0,-5.215949999999999,True
-75.0,1075.0,-5.3355,True
-75.0,1100.0,-5.45505,True
-75.0,1125.0,-5.5746,True
-75.0,1150.0,-5.6941500000000005,True
-75.0,1175.0,-5.813700000000001,True
-75.0,1200.0,-5.933249999999999,True
-75.0,1225.0,-6.052849999999999,True
-75.0,1250.0,-6.1724499999999995,True
-75.0,1275.0,-6.29195,True
-75.0,1300.0,-6.41145,True
-75.0,1325.0,-6.53085,True
-75.0,1350.0,-6.65025,True
-75.0,1375.0,-6.7700000000000005,True
-75.0,1400.0,-6.889749999999999,True
-75.0,1425.0,-7.0092,True
-75.0,1450.0,-7.12865,True
-75.0,1475.0,-7.2482500000000005,True
-75.0,1500.0,-7.367850000000001,True
-50.0,75.0,-0.488585,True
-50.0,125.0,-0.7276849999999999,True
-50.0,175.0,-0.9667749999999999,True
-50.0,225.0,-1.2058499999999999,True
-50.0,275.0,-1.44495,True
-50.0,325.0,-1.68405,True
-50.0,375.0,-1.9231500000000001,True
-50.0,425.0,-2.1622500000000002,True
-50.0,475.0,-2.40135,True
-50.0,525.0,-2.64045,True
-50.0,575.0,-2.87955,True
-50.0,625.0,-3.1186499999999997,True
-50.0,675.0,-3.3577500000000002,True
-50.0,725.0,-3.59685,True
-50.0,775.0,-3.83595,True
-50.0,825.0,-4.07505,True
-50.0,875.0,-4.31415,True
-50.0,925.0,-4.55325,True
-50.0,975.0,-4.79235,True
-50.0,1025.0,-5.0314499999999995,True
-50.0,1075.0,-5.27055,True
-50.0,1125.0,-5.509650000000001,True
-50.0,1175.0,-5.748749999999999,True
-50.0,1225.0,-5.9879,True
-50.0,1275.0,-6.227,True
-50.0,1325.0,-6.4658999999999995,True
-50.0,1375.0,-6.70505,True
-50.0,1425.0,-6.94425,True
-50.0,1475.0,-7.1833,True
